Compound,Date,Source account,Tweets Ago,neg,neu,pos
0.0,Sat Jun 23 20:12:00 +0000 2018,BBC,1,0.0,1.0,0.0
0.0,Sat Jun 23 19:02:02 +0000 2018,BBC,2,0.0,1.0,0.0
0.5719,Sat Jun 23 17:06:01 +0000 2018,BBC,3,0.0,0.821,0.179
0.7412,Sat Jun 23 16:02:02 +0000 2018,BBC,4,0.0,0.614,0.386
0.4019,Sat Jun 23 15:00:27 +0000 2018,BBC,5,0.0,0.847,0.153
0.0,Sat Jun 23 14:02:01 +0000 2018,BBC,6,0.0,1.0,0.0
0.0,Sat Jun 23 12:57:05 +0000 2018,BBC,7,0.0,1.0,0.0
0.0,Sat Jun 23 12:00:16 +0000 2018,BBC,8,0.0,1.0,0.0
0.0,Sat Jun 23 11:01:06 +0000 2018,BBC,9,0.0,1.0,0.0
0.0,Sat Jun 23 10:02:04 +0000 2018,BBC,10,0.143,0.675,0.183
0.0,Sat Jun 23 09:01:05 +0000 2018,BBC,11,0.0,1.0,0.0
0.2732,Sat Jun 23 07:59:02 +0000 2018,BBC,12,0.0,0.86,0.14
0.0,Sat Jun 23 07:22:00 +0000 2018,BBC,13,0.0,1.0,0.0
0.6369,Fri Jun 22 19:11:28 +0000 2018,BBC,14,0.0,0.741,0.259
0.25,Fri Jun 22 19:11:15 +0000 2018,BBC,15,0.0,0.913,0.087
0.0,Fri Jun 22 19:10:41 +0000 2018,BBC,16,0.0,1.0,0.0
0.7518,Fri Jun 22 19:10:14 +0000 2018,BBC,17,0.0,0.735,0.265
0.3612,Fri Jun 22 19:09:53 +0000 2018,BBC,18,0.0,0.902,0.098
0.4215,Fri Jun 22 19:04:06 +0000 2018,BBC,19,0.0,0.865,0.135
-0.3182,Fri Jun 22 18:01:05 +0000 2018,BBC,20,0.15,0.85,0.0
0.0,Fri Jun 22 17:00:21 +0000 2018,BBC,21,0.0,1.0,0.0
0.0,Fri Jun 22 16:01:00 +0000 2018,BBC,22,0.0,1.0,0.0
0.0,Fri Jun 22 13:02:03 +0000 2018,BBC,23,0.0,1.0,0.0
0.0,Fri Jun 22 12:03:05 +0000 2018,BBC,24,0.0,1.0,0.0
-0.34,Fri Jun 22 11:00:13 +0000 2018,BBC,25,0.156,0.844,0.0
0.0,Fri Jun 22 08:01:04 +0000 2018,BBC,26,0.0,1.0,0.0
0.6632,Fri Jun 22 07:28:05 +0000 2018,BBC,27,0.119,0.559,0.322
0.0,Fri Jun 22 07:00:04 +0000 2018,BBC,28,0.0,1.0,0.0
0.2732,Thu Jun 21 19:03:04 +0000 2018,BBC,29,0.2,0.595,0.205
0.0,Thu Jun 21 18:01:06 +0000 2018,BBC,30,0.0,1.0,0.0
0.3134,Thu Jun 21 16:42:25 +0000 2018,BBC,31,0.062,0.811,0.127
0.5093,Thu Jun 21 16:01:04 +0000 2018,BBC,32,0.0,0.732,0.268
0.8074,Thu Jun 21 16:00:09 +0000 2018,BBC,33,0.0,0.687,0.313
-0.7506,Thu Jun 21 13:02:34 +0000 2018,BBC,34,0.314,0.686,0.0
0.0,Thu Jun 21 12:28:30 +0000 2018,BBC,35,0.0,1.0,0.0
0.0,Thu Jun 21 12:25:47 +0000 2018,BBC,36,0.0,1.0,0.0
0.7845,Thu Jun 21 12:01:06 +0000 2018,BBC,37,0.0,0.699,0.301
0.0,Thu Jun 21 11:01:04 +0000 2018,BBC,38,0.0,1.0,0.0
0.0,Thu Jun 21 09:55:19 +0000 2018,BBC,39,0.0,1.0,0.0
0.5719,Thu Jun 21 09:13:56 +0000 2018,BBC,40,0.0,0.791,0.209
-0.8979,Thu Jun 21 08:01:01 +0000 2018,BBC,41,0.442,0.558,0.0
0.6114,Thu Jun 21 07:45:57 +0000 2018,BBC,42,0.0,0.846,0.154
-0.5106,Thu Jun 21 07:27:03 +0000 2018,BBC,43,0.218,0.69,0.092
0.6369,Thu Jun 21 07:01:04 +0000 2018,BBC,44,0.0,0.656,0.344
0.5994,Wed Jun 20 20:02:08 +0000 2018,BBC,45,0.0,0.754,0.246
-0.4019,Wed Jun 20 18:00:25 +0000 2018,BBC,46,0.252,0.748,0.0
0.4939,Wed Jun 20 17:32:05 +0000 2018,BBC,47,0.136,0.593,0.271
0.0,Wed Jun 20 16:00:26 +0000 2018,BBC,48,0.0,1.0,0.0
0.3182,Wed Jun 20 14:35:32 +0000 2018,BBC,49,0.0,0.905,0.095
0.0,Wed Jun 20 13:05:22 +0000 2018,BBC,50,0.0,1.0,0.0
0.5562,Wed Jun 20 13:02:04 +0000 2018,BBC,51,0.0,0.848,0.152
0.7579,Wed Jun 20 12:00:21 +0000 2018,BBC,52,0.0,0.764,0.236
0.3626,Wed Jun 20 11:03:05 +0000 2018,BBC,53,0.0,0.871,0.129
0.7207,Wed Jun 20 10:31:58 +0000 2018,BBC,54,0.0,0.759,0.241
0.4767,Wed Jun 20 10:20:48 +0000 2018,BBC,55,0.0,0.86,0.14
0.0,Wed Jun 20 10:03:05 +0000 2018,BBC,56,0.0,1.0,0.0
0.7154,Wed Jun 20 09:47:39 +0000 2018,BBC,57,0.0,0.715,0.285
0.6369,Wed Jun 20 08:00:23 +0000 2018,BBC,58,0.0,0.682,0.318
0.4404,Wed Jun 20 07:25:01 +0000 2018,BBC,59,0.0,0.873,0.127
0.0,Wed Jun 20 07:00:15 +0000 2018,BBC,60,0.0,1.0,0.0
0.128,Tue Jun 19 19:03:08 +0000 2018,BBC,61,0.165,0.613,0.222
0.7351,Tue Jun 19 18:01:10 +0000 2018,BBC,62,0.0,0.772,0.228
0.0,Tue Jun 19 18:00:21 +0000 2018,BBC,63,0.0,1.0,0.0
0.4215,Tue Jun 19 16:00:28 +0000 2018,BBC,64,0.0,0.859,0.141
0.1511,Tue Jun 19 15:20:59 +0000 2018,BBC,65,0.0,0.933,0.067
0.0,Tue Jun 19 15:02:04 +0000 2018,BBC,66,0.0,1.0,0.0
-0.7579,Tue Jun 19 14:59:48 +0000 2018,BBC,67,0.265,0.735,0.0
-0.5574,Tue Jun 19 13:38:02 +0000 2018,BBC,68,0.159,0.841,0.0
-0.0772,Tue Jun 19 12:59:03 +0000 2018,BBC,69,0.124,0.766,0.11
-0.3736,Tue Jun 19 12:02:05 +0000 2018,BBC,70,0.131,0.869,0.0
0.5994,Tue Jun 19 11:00:20 +0000 2018,BBC,71,0.141,0.55,0.309
-0.34,Tue Jun 19 10:26:08 +0000 2018,BBC,72,0.146,0.854,0.0
0.6114,Tue Jun 19 09:55:13 +0000 2018,BBC,73,0.0,0.862,0.138
0.0516,Tue Jun 19 09:53:59 +0000 2018,BBC,74,0.14,0.682,0.179
0.7717,Tue Jun 19 09:47:43 +0000 2018,BBC,75,0.0,0.835,0.165
0.0,Tue Jun 19 08:00:15 +0000 2018,BBC,76,0.0,1.0,0.0
-0.3182,Tue Jun 19 07:27:05 +0000 2018,BBC,77,0.126,0.874,0.0
-0.3716,Tue Jun 19 07:00:16 +0000 2018,BBC,78,0.233,0.631,0.136
-0.5267,Mon Jun 18 20:58:38 +0000 2018,BBC,79,0.175,0.825,0.0
0.7845,Mon Jun 18 20:02:04 +0000 2018,BBC,80,0.054,0.661,0.284
0.5423,Mon Jun 18 18:02:04 +0000 2018,BBC,81,0.0,0.69,0.31
0.0,Mon Jun 18 16:16:09 +0000 2018,BBC,82,0.0,1.0,0.0
-0.2263,Mon Jun 18 16:02:03 +0000 2018,BBC,83,0.147,0.853,0.0
0.6705,Mon Jun 18 15:35:49 +0000 2018,BBC,84,0.0,0.766,0.234
0.5267,Mon Jun 18 15:32:42 +0000 2018,BBC,85,0.111,0.687,0.202
0.7096,Mon Jun 18 15:32:33 +0000 2018,BBC,86,0.0,0.781,0.219
0.5709,Mon Jun 18 15:28:37 +0000 2018,BBC,87,0.0,0.793,0.207
0.7717,Mon Jun 18 14:52:52 +0000 2018,BBC,88,0.058,0.708,0.234
0.0,Mon Jun 18 13:03:06 +0000 2018,BBC,89,0.0,1.0,0.0
0.4939,Mon Jun 18 12:03:05 +0000 2018,BBC,90,0.0,0.652,0.348
0.3595,Mon Jun 18 11:35:41 +0000 2018,BBC,91,0.132,0.66,0.208
0.4019,Mon Jun 18 11:27:11 +0000 2018,BBC,92,0.0,0.886,0.114
0.4939,Mon Jun 18 11:03:06 +0000 2018,BBC,93,0.0,0.868,0.132
-0.4215,Mon Jun 18 10:49:28 +0000 2018,BBC,94,0.113,0.887,0.0
0.0,Mon Jun 18 10:46:18 +0000 2018,BBC,95,0.0,1.0,0.0
0.0,Mon Jun 18 09:47:14 +0000 2018,BBC,96,0.0,1.0,0.0
0.0,Mon Jun 18 08:43:27 +0000 2018,BBC,97,0.0,1.0,0.0
-0.4767,Mon Jun 18 08:01:04 +0000 2018,BBC,98,0.237,0.763,0.0
0.5719,Mon Jun 18 07:26:04 +0000 2018,BBC,99,0.0,0.821,0.179
0.0,Mon Jun 18 07:02:02 +0000 2018,BBC,100,0.0,1.0,0.0
0.1867,Fri Jun 22 21:19:06 +0000 2018,CBS,1,0.0,0.902,0.098
0.4199,Fri Jun 22 18:33:53 +0000 2018,CBS,2,0.0,0.811,0.189
0.4926,Thu Jun 21 23:29:50 +0000 2018,CBS,3,0.0,0.803,0.197
0.3555,Wed Jun 20 00:39:01 +0000 2018,CBS,4,0.122,0.68,0.199
0.0,Mon Jun 18 20:27:50 +0000 2018,CBS,5,0.0,1.0,0.0
0.0,Mon Jun 18 15:00:46 +0000 2018,CBS,6,0.0,1.0,0.0
0.9392,Sun Jun 17 13:00:01 +0000 2018,CBS,7,0.0,0.507,0.493
0.3595,Fri Jun 15 18:48:29 +0000 2018,CBS,8,0.0,0.872,0.128
-0.296,Thu Jun 14 17:30:00 +0000 2018,CBS,9,0.167,0.833,0.0
0.1779,Thu Jun 14 16:19:32 +0000 2018,CBS,10,0.12,0.734,0.147
-0.5562,Tue Jun 12 00:19:23 +0000 2018,CBS,11,0.315,0.551,0.134
0.5093,Mon Jun 11 22:23:06 +0000 2018,CBS,12,0.0,0.829,0.171
-0.296,Mon Jun 11 19:01:38 +0000 2018,CBS,13,0.167,0.833,0.0
0.0,Mon Jun 11 14:00:37 +0000 2018,CBS,14,0.0,1.0,0.0
0.0,Mon Jun 11 06:19:36 +0000 2018,CBS,15,0.0,1.0,0.0
0.4767,Mon Jun 11 06:04:41 +0000 2018,CBS,16,0.0,0.78,0.22
0.8478,Mon Jun 11 03:10:33 +0000 2018,CBS,17,0.0,0.594,0.406
0.92,Mon Jun 11 03:02:06 +0000 2018,CBS,18,0.0,0.537,0.463
0.4404,Mon Jun 11 02:58:30 +0000 2018,CBS,19,0.088,0.737,0.175
0.4404,Mon Jun 11 02:56:40 +0000 2018,CBS,20,0.0,0.847,0.153
0.836,Mon Jun 11 02:56:10 +0000 2018,CBS,21,0.0,0.533,0.467
0.0,Mon Jun 11 02:53:00 +0000 2018,CBS,22,0.0,1.0,0.0
0.6369,Mon Jun 11 02:47:29 +0000 2018,CBS,23,0.0,0.682,0.318
0.7978,Mon Jun 11 02:44:50 +0000 2018,CBS,24,0.0,0.457,0.543
0.9523,Mon Jun 11 02:44:37 +0000 2018,CBS,25,0.0,0.484,0.516
0.5994,Mon Jun 11 02:33:09 +0000 2018,CBS,26,0.0,0.698,0.302
0.4215,Mon Jun 11 02:29:18 +0000 2018,CBS,27,0.0,0.877,0.123
0.8932,Mon Jun 11 02:23:56 +0000 2018,CBS,28,0.0,0.483,0.517
0.0,Mon Jun 11 02:21:03 +0000 2018,CBS,29,0.0,1.0,0.0
0.0,Mon Jun 11 02:16:06 +0000 2018,CBS,30,0.0,1.0,0.0
0.8908,Mon Jun 11 02:11:03 +0000 2018,CBS,31,0.0,0.509,0.491
0.0,Mon Jun 11 02:05:47 +0000 2018,CBS,32,0.0,1.0,0.0
0.4926,Mon Jun 11 02:03:31 +0000 2018,CBS,33,0.0,0.738,0.262
0.5093,Mon Jun 11 01:58:48 +0000 2018,CBS,34,0.0,0.477,0.523
0.7579,Mon Jun 11 01:53:17 +0000 2018,CBS,35,0.0,0.519,0.481
0.6467,Mon Jun 11 01:51:16 +0000 2018,CBS,36,0.0,0.752,0.248
0.0,Mon Jun 11 01:38:23 +0000 2018,CBS,37,0.0,1.0,0.0
0.636,Mon Jun 11 01:37:36 +0000 2018,CBS,38,0.0,0.724,0.276
0.8834,Mon Jun 11 01:30:56 +0000 2018,CBS,39,0.0,0.437,0.563
0.0,Mon Jun 11 01:29:21 +0000 2018,CBS,40,0.0,1.0,0.0
0.7351,Mon Jun 11 01:26:03 +0000 2018,CBS,41,0.079,0.625,0.296
0.0,Mon Jun 11 01:25:59 +0000 2018,CBS,42,0.0,1.0,0.0
0.0,Mon Jun 11 01:24:46 +0000 2018,CBS,43,0.0,1.0,0.0
0.4019,Mon Jun 11 01:24:12 +0000 2018,CBS,44,0.0,0.838,0.162
0.9151,Mon Jun 11 01:19:59 +0000 2018,CBS,45,0.0,0.543,0.457
0.6369,Mon Jun 11 01:12:31 +0000 2018,CBS,46,0.0,0.625,0.375
0.1511,Mon Jun 11 01:08:28 +0000 2018,CBS,47,0.0,0.898,0.102
0.1531,Mon Jun 11 01:08:24 +0000 2018,CBS,48,0.0,0.852,0.148
0.8834,Mon Jun 11 01:02:47 +0000 2018,CBS,49,0.0,0.437,0.563
0.0,Mon Jun 11 00:58:06 +0000 2018,CBS,50,0.0,1.0,0.0
0.2714,Mon Jun 11 00:52:34 +0000 2018,CBS,51,0.0,0.793,0.207
0.0,Mon Jun 11 00:51:11 +0000 2018,CBS,52,0.0,1.0,0.0
0.8883,Mon Jun 11 00:50:18 +0000 2018,CBS,53,0.0,0.433,0.567
0.9134,Mon Jun 11 00:45:14 +0000 2018,CBS,54,0.0,0.387,0.613
0.0,Mon Jun 11 00:44:36 +0000 2018,CBS,55,0.0,1.0,0.0
0.25,Mon Jun 11 00:35:41 +0000 2018,CBS,56,0.0,0.92,0.08
0.4588,Mon Jun 11 00:34:45 +0000 2018,CBS,57,0.0,0.85,0.15
0.0,Mon Jun 11 00:31:28 +0000 2018,CBS,58,0.0,1.0,0.0
0.3612,Mon Jun 11 00:27:42 +0000 2018,CBS,59,0.0,0.737,0.263
0.8908,Mon Jun 11 00:27:00 +0000 2018,CBS,60,0.0,0.43,0.57
0.0,Mon Jun 11 00:24:31 +0000 2018,CBS,61,0.0,1.0,0.0
0.0,Mon Jun 11 00:22:15 +0000 2018,CBS,62,0.0,1.0,0.0
0.6369,Mon Jun 11 00:22:15 +0000 2018,CBS,63,0.0,0.588,0.412
0.0,Mon Jun 11 00:18:16 +0000 2018,CBS,64,0.0,1.0,0.0
0.6369,Mon Jun 11 00:13:27 +0000 2018,CBS,65,0.0,0.756,0.244
0.8834,Mon Jun 11 00:12:31 +0000 2018,CBS,66,0.0,0.437,0.563
0.6696,Mon Jun 11 00:06:39 +0000 2018,CBS,67,0.0,0.64,0.36
0.3182,Mon Jun 11 00:04:15 +0000 2018,CBS,68,0.0,0.85,0.15
0.0,Sun Jun 10 23:59:00 +0000 2018,CBS,69,0.0,1.0,0.0
0.4374,Sun Jun 10 23:18:15 +0000 2018,CBS,70,0.0,0.855,0.145
0.0,Sun Jun 10 22:01:25 +0000 2018,CBS,71,0.0,1.0,0.0
0.4184,Sun Jun 10 15:00:01 +0000 2018,CBS,72,0.0,0.843,0.157
0.68,Sat Jun 09 21:00:02 +0000 2018,CBS,73,0.0,0.763,0.237
0.0,Sat Jun 09 16:00:00 +0000 2018,CBS,74,0.0,1.0,0.0
0.296,Fri Jun 08 19:46:17 +0000 2018,CBS,75,0.0,0.82,0.18
0.0,Fri Jun 08 15:00:03 +0000 2018,CBS,76,0.0,1.0,0.0
0.9078,Fri Jun 08 13:58:15 +0000 2018,CBS,77,0.0,0.564,0.436
0.3612,Thu Jun 07 17:03:26 +0000 2018,CBS,78,0.0,0.872,0.128
0.2732,Wed Jun 06 21:00:24 +0000 2018,CBS,79,0.105,0.719,0.176
0.3595,Wed Jun 06 00:08:30 +0000 2018,CBS,80,0.0,0.872,0.128
-0.4404,Tue Jun 05 22:23:35 +0000 2018,CBS,81,0.177,0.723,0.1
0.4574,Tue Jun 05 22:12:28 +0000 2018,CBS,82,0.0,0.824,0.176
0.5093,Tue Jun 05 19:00:02 +0000 2018,CBS,83,0.0,0.845,0.155
0.0,Tue Jun 05 15:04:41 +0000 2018,CBS,84,0.0,1.0,0.0
0.0,Mon Jun 04 17:00:00 +0000 2018,CBS,85,0.0,1.0,0.0
-0.3903,Fri Jun 01 17:39:17 +0000 2018,CBS,86,0.131,0.807,0.062
0.8442,Fri Jun 01 17:00:03 +0000 2018,CBS,87,0.0,0.664,0.336
0.8932,Thu May 31 23:50:00 +0000 2018,CBS,88,0.0,0.545,0.455
0.4926,Wed May 30 15:07:34 +0000 2018,CBS,89,0.0,0.849,0.151
0.0,Mon May 28 21:00:01 +0000 2018,CBS,90,0.0,1.0,0.0
0.0,Mon May 28 02:08:19 +0000 2018,CBS,91,0.0,1.0,0.0
0.6239,Wed May 23 23:07:38 +0000 2018,CBS,92,0.0,0.797,0.203
0.5859,Wed May 23 19:02:43 +0000 2018,CBS,93,0.0,0.826,0.174
0.1139,Tue May 22 23:19:40 +0000 2018,CBS,94,0.0,0.917,0.083
0.0,Tue May 22 20:02:22 +0000 2018,CBS,95,0.0,1.0,0.0
0.0,Mon May 21 23:00:01 +0000 2018,CBS,96,0.0,1.0,0.0
0.3382,Sun May 20 20:00:00 +0000 2018,CBS,97,0.061,0.808,0.131
0.1867,Sun May 20 17:00:01 +0000 2018,CBS,98,0.0,0.92,0.08
0.4199,Sat May 19 08:00:01 +0000 2018,CBS,99,0.0,0.715,0.285
0.0,Fri May 18 21:00:01 +0000 2018,CBS,100,0.0,1.0,0.0
0.0,Sun Jun 24 04:01:09 +0000 2018,CNN,1,0.0,1.0,0.0
0.0,Sun Jun 24 03:15:05 +0000 2018,CNN,2,0.0,1.0,0.0
0.0,Sun Jun 24 03:00:19 +0000 2018,CNN,3,0.0,1.0,0.0
0.0,Sun Jun 24 02:45:08 +0000 2018,CNN,4,0.0,1.0,0.0
0.4019,Sun Jun 24 02:30:11 +0000 2018,CNN,5,0.0,0.847,0.153
0.7184,Sun Jun 24 02:15:08 +0000 2018,CNN,6,0.0,0.731,0.269
0.4019,Sun Jun 24 02:00:17 +0000 2018,CNN,7,0.0,0.816,0.184
0.0,Sun Jun 24 01:45:04 +0000 2018,CNN,8,0.0,1.0,0.0
0.0,Sun Jun 24 01:15:06 +0000 2018,CNN,9,0.0,1.0,0.0
0.0,Sun Jun 24 01:00:11 +0000 2018,CNN,10,0.0,1.0,0.0
0.0,Sun Jun 24 00:45:04 +0000 2018,CNN,11,0.0,1.0,0.0
-0.4404,Sun Jun 24 00:15:07 +0000 2018,CNN,12,0.184,0.711,0.105
-0.6597,Sun Jun 24 00:00:13 +0000 2018,CNN,13,0.188,0.812,0.0
-0.5106,Sat Jun 23 23:45:09 +0000 2018,CNN,14,0.148,0.852,0.0
0.0772,Sat Jun 23 23:30:08 +0000 2018,CNN,15,0.0,0.944,0.056
-0.3818,Sat Jun 23 23:15:05 +0000 2018,CNN,16,0.147,0.784,0.069
-0.1027,Sat Jun 23 23:00:14 +0000 2018,CNN,17,0.069,0.931,0.0
0.0,Sat Jun 23 22:45:02 +0000 2018,CNN,18,0.0,1.0,0.0
0.0,Sat Jun 23 22:31:01 +0000 2018,CNN,19,0.0,1.0,0.0
0.0,Sat Jun 23 22:15:04 +0000 2018,CNN,20,0.0,1.0,0.0
-0.4767,Sat Jun 23 22:00:20 +0000 2018,CNN,21,0.181,0.819,0.0
0.34,Sat Jun 23 21:44:04 +0000 2018,CNN,22,0.0,0.882,0.118
-0.743,Sat Jun 23 21:36:48 +0000 2018,CNN,23,0.399,0.601,0.0
-0.5574,Sat Jun 23 21:26:09 +0000 2018,CNN,24,0.146,0.854,0.0
0.1027,Sat Jun 23 21:09:53 +0000 2018,CNN,25,0.0,0.938,0.062
0.4019,Sat Jun 23 21:07:06 +0000 2018,CNN,26,0.0,0.816,0.184
0.4588,Sat Jun 23 20:51:00 +0000 2018,CNN,27,0.0,0.857,0.143
0.0,Sat Jun 23 20:14:04 +0000 2018,CNN,28,0.0,1.0,0.0
-0.7096,Sat Jun 23 19:54:06 +0000 2018,CNN,29,0.396,0.604,0.0
-0.8442,Sat Jun 23 19:40:06 +0000 2018,CNN,30,0.324,0.676,0.0
-0.0772,Sat Jun 23 19:23:24 +0000 2018,CNN,31,0.075,0.925,0.0
0.0,Sat Jun 23 18:56:36 +0000 2018,CNN,32,0.0,1.0,0.0
-0.3818,Sat Jun 23 18:47:07 +0000 2018,CNN,33,0.167,0.833,0.0
-0.5994,Sat Jun 23 18:34:05 +0000 2018,CNN,34,0.231,0.769,0.0
0.0,Sat Jun 23 18:21:07 +0000 2018,CNN,35,0.0,1.0,0.0
-0.34,Sat Jun 23 18:09:03 +0000 2018,CNN,36,0.112,0.888,0.0
0.0,Sat Jun 23 17:58:03 +0000 2018,CNN,37,0.0,1.0,0.0
0.0,Sat Jun 23 17:42:12 +0000 2018,CNN,38,0.0,1.0,0.0
0.0,Sat Jun 23 17:25:07 +0000 2018,CNN,39,0.0,1.0,0.0
0.0,Sat Jun 23 17:05:06 +0000 2018,CNN,40,0.0,1.0,0.0
-0.9217,Sat Jun 23 17:01:02 +0000 2018,CNN,41,0.484,0.516,0.0
-0.4019,Sat Jun 23 16:45:13 +0000 2018,CNN,42,0.13,0.87,0.0
0.0,Sat Jun 23 16:35:06 +0000 2018,CNN,43,0.0,1.0,0.0
-0.3071,Sat Jun 23 16:24:03 +0000 2018,CNN,44,0.101,0.899,0.0
0.7184,Sat Jun 23 16:13:06 +0000 2018,CNN,45,0.0,0.731,0.269
0.4019,Sat Jun 23 16:03:05 +0000 2018,CNN,46,0.0,0.847,0.153
-0.296,Sat Jun 23 15:53:06 +0000 2018,CNN,47,0.155,0.845,0.0
0.25,Sat Jun 23 15:43:03 +0000 2018,CNN,48,0.217,0.522,0.261
-0.8442,Sat Jun 23 15:33:06 +0000 2018,CNN,49,0.324,0.676,0.0
0.0,Sat Jun 23 15:23:03 +0000 2018,CNN,50,0.0,1.0,0.0
-0.8316,Sat Jun 23 15:13:59 +0000 2018,CNN,51,0.315,0.685,0.0
-0.0772,Sat Jun 23 15:00:12 +0000 2018,CNN,52,0.075,0.925,0.0
0.2732,Sat Jun 23 14:43:39 +0000 2018,CNN,53,0.0,0.884,0.116
-0.34,Sat Jun 23 14:39:42 +0000 2018,CNN,54,0.13,0.87,0.0
0.0,Sat Jun 23 14:30:16 +0000 2018,CNN,55,0.0,1.0,0.0
-0.7003,Sat Jun 23 14:17:19 +0000 2018,CNN,56,0.194,0.806,0.0
0.7184,Sat Jun 23 14:00:09 +0000 2018,CNN,57,0.0,0.731,0.269
0.4019,Sat Jun 23 13:45:07 +0000 2018,CNN,58,0.0,0.847,0.153
0.0,Sat Jun 23 13:30:07 +0000 2018,CNN,59,0.0,1.0,0.0
0.0,Sat Jun 23 13:15:08 +0000 2018,CNN,60,0.0,1.0,0.0
-0.34,Sat Jun 23 13:00:17 +0000 2018,CNN,61,0.112,0.888,0.0
0.0,Sat Jun 23 12:30:10 +0000 2018,CNN,62,0.0,1.0,0.0
-0.3071,Sat Jun 23 12:15:04 +0000 2018,CNN,63,0.101,0.899,0.0
-0.5574,Sat Jun 23 12:00:16 +0000 2018,CNN,64,0.175,0.825,0.0
0.0,Sat Jun 23 11:31:00 +0000 2018,CNN,65,0.0,1.0,0.0
0.0,Sat Jun 23 11:30:14 +0000 2018,CNN,66,0.0,1.0,0.0
0.0,Sat Jun 23 11:15:04 +0000 2018,CNN,67,0.0,1.0,0.0
-0.4019,Sat Jun 23 11:01:05 +0000 2018,CNN,68,0.13,0.87,0.0
0.4588,Sat Jun 23 10:45:03 +0000 2018,CNN,69,0.0,0.857,0.143
0.0,Sat Jun 23 10:31:00 +0000 2018,CNN,70,0.0,1.0,0.0
-0.5574,Sat Jun 23 10:30:09 +0000 2018,CNN,71,0.146,0.854,0.0
0.0,Sat Jun 23 10:15:05 +0000 2018,CNN,72,0.0,1.0,0.0
0.0,Sat Jun 23 10:01:08 +0000 2018,CNN,73,0.0,1.0,0.0
0.0,Sat Jun 23 09:45:05 +0000 2018,CNN,74,0.0,1.0,0.0
0.3612,Sat Jun 23 09:31:00 +0000 2018,CNN,75,0.0,0.889,0.111
0.4019,Sat Jun 23 09:15:04 +0000 2018,CNN,76,0.0,0.816,0.184
0.0,Sat Jun 23 09:01:07 +0000 2018,CNN,77,0.0,1.0,0.0
0.7184,Sat Jun 23 08:45:06 +0000 2018,CNN,78,0.0,0.731,0.269
0.0,Sat Jun 23 08:31:00 +0000 2018,CNN,79,0.0,1.0,0.0
0.4019,Sat Jun 23 08:15:07 +0000 2018,CNN,80,0.0,0.847,0.153
0.0,Sat Jun 23 08:01:08 +0000 2018,CNN,81,0.0,1.0,0.0
0.0,Sat Jun 23 07:45:04 +0000 2018,CNN,82,0.0,1.0,0.0
0.0,Sat Jun 23 07:31:00 +0000 2018,CNN,83,0.0,1.0,0.0
-0.34,Sat Jun 23 07:15:05 +0000 2018,CNN,84,0.112,0.888,0.0
0.0,Sat Jun 23 07:01:03 +0000 2018,CNN,85,0.0,1.0,0.0
0.0,Sat Jun 23 06:45:04 +0000 2018,CNN,86,0.0,1.0,0.0
0.0,Sat Jun 23 06:31:00 +0000 2018,CNN,87,0.0,1.0,0.0
0.0,Sat Jun 23 06:15:05 +0000 2018,CNN,88,0.0,1.0,0.0
-0.3071,Sat Jun 23 06:01:05 +0000 2018,CNN,89,0.101,0.899,0.0
-0.3071,Sat Jun 23 05:45:05 +0000 2018,CNN,90,0.101,0.899,0.0
0.4215,Sat Jun 23 05:31:00 +0000 2018,CNN,91,0.0,0.798,0.202
-0.5574,Sat Jun 23 05:15:04 +0000 2018,CNN,92,0.175,0.825,0.0
0.7845,Sat Jun 23 05:01:05 +0000 2018,CNN,93,0.0,0.669,0.331
0.128,Sat Jun 23 04:45:04 +0000 2018,CNN,94,0.0,0.87,0.13
0.0,Sat Jun 23 04:31:00 +0000 2018,CNN,95,0.0,1.0,0.0
0.0,Sat Jun 23 04:30:11 +0000 2018,CNN,96,0.0,1.0,0.0
0.0,Sat Jun 23 04:15:07 +0000 2018,CNN,97,0.0,1.0,0.0
0.0,Sat Jun 23 04:01:02 +0000 2018,CNN,98,0.0,1.0,0.0
0.4588,Sat Jun 23 03:45:03 +0000 2018,CNN,99,0.0,0.857,0.143
-0.5574,Sat Jun 23 03:30:06 +0000 2018,CNN,100,0.146,0.854,0.0
-0.2057,Sat Jun 23 01:41:57 +0000 2018,Fox,1,0.206,0.794,0.0
0.6369,Fri Jun 22 07:33:55 +0000 2018,Fox,2,0.0,0.792,0.208
0.3291,Thu Jun 21 21:45:19 +0000 2018,Fox,3,0.112,0.681,0.206
-0.3182,Thu Jun 21 20:48:23 +0000 2018,Fox,4,0.247,0.753,0.0
0.4404,Thu Jun 21 05:10:46 +0000 2018,Fox,5,0.0,0.58,0.42
0.0,Thu Jun 21 04:09:56 +0000 2018,Fox,6,0.0,1.0,0.0
0.8316,Thu Jun 21 02:38:53 +0000 2018,Fox,7,0.0,0.614,0.386
0.1531,Thu Jun 21 02:21:50 +0000 2018,Fox,8,0.099,0.733,0.168
0.0,Thu Jun 21 02:04:20 +0000 2018,Fox,9,0.0,1.0,0.0
0.7901,Thu Jun 21 01:57:20 +0000 2018,Fox,10,0.0,0.731,0.269
0.4738,Thu Jun 21 01:56:49 +0000 2018,Fox,11,0.0,0.619,0.381
0.4389,Thu Jun 21 01:50:18 +0000 2018,Fox,12,0.1,0.723,0.176
0.8356,Thu Jun 21 01:43:38 +0000 2018,Fox,13,0.08,0.507,0.413
0.0,Wed Jun 20 23:51:19 +0000 2018,Fox,14,0.0,1.0,0.0
-0.6642,Wed Jun 20 23:50:47 +0000 2018,Fox,15,0.306,0.609,0.085
0.8639,Wed Jun 20 23:48:30 +0000 2018,Fox,16,0.0,0.641,0.359
0.7351,Wed Jun 20 22:53:06 +0000 2018,Fox,17,0.0,0.788,0.212
0.6369,Wed Jun 20 06:12:51 +0000 2018,Fox,18,0.0,0.809,0.191
0.0,Wed Jun 20 05:35:28 +0000 2018,Fox,19,0.0,1.0,0.0
0.5574,Wed Jun 20 05:13:19 +0000 2018,Fox,20,0.0,0.827,0.173
0.0516,Wed Jun 20 05:12:18 +0000 2018,Fox,21,0.068,0.855,0.077
0.1007,Wed Jun 20 04:25:25 +0000 2018,Fox,22,0.212,0.548,0.239
0.5574,Wed Jun 20 04:19:58 +0000 2018,Fox,23,0.0,0.765,0.235
0.5707,Wed Jun 20 04:06:47 +0000 2018,Fox,24,0.0,0.836,0.164
0.5255,Wed Jun 20 02:57:03 +0000 2018,Fox,25,0.072,0.667,0.261
0.0,Wed Jun 20 02:08:06 +0000 2018,Fox,26,0.0,1.0,0.0
0.0,Wed Jun 20 02:07:48 +0000 2018,Fox,27,0.0,1.0,0.0
0.802,Wed Jun 20 01:41:40 +0000 2018,Fox,28,0.0,0.294,0.706
0.7801,Wed Jun 20 01:32:26 +0000 2018,Fox,29,0.209,0.391,0.4
0.0,Tue Jun 19 22:46:32 +0000 2018,Fox,30,0.0,1.0,0.0
0.68,Tue Jun 19 21:29:56 +0000 2018,Fox,31,0.0,0.349,0.651
0.4019,Tue Jun 19 21:29:40 +0000 2018,Fox,32,0.0,0.876,0.124
0.0,Tue Jun 19 21:18:35 +0000 2018,Fox,33,0.0,1.0,0.0
0.2566,Tue Jun 19 21:12:06 +0000 2018,Fox,34,0.123,0.689,0.188
0.937,Tue Jun 19 21:06:05 +0000 2018,Fox,35,0.0,0.455,0.545
0.0,Tue Jun 19 03:44:44 +0000 2018,Fox,36,0.0,1.0,0.0
0.5719,Mon Jun 18 03:10:58 +0000 2018,Fox,37,0.0,0.619,0.381
-0.1531,Mon Jun 18 01:52:30 +0000 2018,Fox,38,0.464,0.536,0.0
0.0,Mon Jun 18 01:51:58 +0000 2018,Fox,39,0.0,1.0,0.0
0.68,Mon Jun 18 01:28:18 +0000 2018,Fox,40,0.0,0.472,0.528
0.4926,Mon Jun 18 01:28:00 +0000 2018,Fox,41,0.0,0.61,0.39
0.5719,Mon Jun 18 01:27:40 +0000 2018,Fox,42,0.0,0.515,0.485
0.0,Mon Jun 18 01:27:22 +0000 2018,Fox,43,0.0,1.0,0.0
0.8166,Sun Jun 17 23:42:21 +0000 2018,Fox,44,0.105,0.527,0.368
-0.4588,Sun Jun 17 20:43:31 +0000 2018,Fox,45,0.231,0.654,0.115
0.0,Thu Jun 14 16:52:18 +0000 2018,Fox,46,0.0,1.0,0.0
0.5794,Thu Jun 14 16:51:07 +0000 2018,Fox,47,0.052,0.691,0.257
0.5994,Thu Jun 14 08:53:55 +0000 2018,Fox,48,0.053,0.731,0.216
0.0,Thu Jun 14 08:52:45 +0000 2018,Fox,49,0.0,1.0,0.0
0.0,Wed Jun 13 16:55:29 +0000 2018,Fox,50,0.0,1.0,0.0
0.5766,Wed Jun 13 16:43:55 +0000 2018,Fox,51,0.0,0.865,0.135
0.7763,Wed Jun 13 16:41:03 +0000 2018,Fox,52,0.0,0.639,0.361
-0.2481,Wed Jun 13 16:21:01 +0000 2018,Fox,53,0.071,0.929,0.0
0.0,Tue Jun 12 14:10:45 +0000 2018,Fox,54,0.0,1.0,0.0
0.7346,Tue Jun 12 12:23:23 +0000 2018,Fox,55,0.0,0.801,0.199
0.6808,Tue Jun 12 09:41:33 +0000 2018,Fox,56,0.0,0.417,0.583
-0.8585,Mon Jun 11 18:26:16 +0000 2018,Fox,57,0.345,0.655,0.0
0.6369,Mon Jun 11 14:05:15 +0000 2018,Fox,58,0.0,0.755,0.245
0.6369,Mon Jun 11 08:49:11 +0000 2018,Fox,59,0.0,0.658,0.342
-0.296,Mon Jun 11 08:31:47 +0000 2018,Fox,60,0.115,0.885,0.0
0.0,Mon Jun 11 08:06:02 +0000 2018,Fox,61,0.0,1.0,0.0
0.4939,Sat Jun 09 11:32:40 +0000 2018,Fox,62,0.107,0.656,0.238
0.4767,Sat Jun 09 10:36:55 +0000 2018,Fox,63,0.0,0.773,0.227
-0.0258,Sat Jun 09 10:09:44 +0000 2018,Fox,64,0.143,0.757,0.1
0.4404,Fri Jun 08 19:36:53 +0000 2018,Fox,65,0.162,0.513,0.325
-0.188,Fri Jun 08 19:35:39 +0000 2018,Fox,66,0.137,0.758,0.105
-0.4939,Fri Jun 08 19:29:48 +0000 2018,Fox,67,0.154,0.846,0.0
0.2732,Fri Jun 08 18:28:26 +0000 2018,Fox,68,0.07,0.804,0.126
0.0,Fri Jun 08 18:23:36 +0000 2018,Fox,69,0.0,1.0,0.0
0.0,Fri Jun 08 16:54:52 +0000 2018,Fox,70,0.0,1.0,0.0
-0.3818,Fri Jun 08 13:11:00 +0000 2018,Fox,71,0.289,0.476,0.235
0.128,Fri Jun 08 13:00:15 +0000 2018,Fox,72,0.096,0.756,0.148
0.4196,Fri Jun 08 12:43:15 +0000 2018,Fox,73,0.103,0.642,0.255
0.6908,Fri Jun 08 12:14:07 +0000 2018,Fox,74,0.0,0.711,0.289
-0.4215,Fri Jun 08 12:07:07 +0000 2018,Fox,75,0.136,0.783,0.081
-0.6124,Fri Jun 08 11:43:32 +0000 2018,Fox,76,0.208,0.792,0.0
0.8519,Fri Jun 08 10:43:28 +0000 2018,Fox,77,0.101,0.505,0.394
0.7964,Fri Jun 08 10:23:54 +0000 2018,Fox,78,0.0,0.664,0.336
0.7845,Fri Jun 08 10:14:06 +0000 2018,Fox,79,0.07,0.576,0.354
0.6588,Fri Jun 08 09:09:38 +0000 2018,Fox,80,0.0,0.774,0.226
0.0,Fri Jun 08 08:57:01 +0000 2018,Fox,81,0.0,1.0,0.0
0.5423,Fri Jun 08 08:48:59 +0000 2018,Fox,82,0.0,0.836,0.164
0.2235,Fri Jun 08 07:55:05 +0000 2018,Fox,83,0.0,0.841,0.159
0.0,Fri Jun 08 07:53:21 +0000 2018,Fox,84,0.0,1.0,0.0
0.5106,Fri Jun 08 07:49:23 +0000 2018,Fox,85,0.0,0.777,0.223
0.0,Fri Jun 08 07:45:35 +0000 2018,Fox,86,0.0,1.0,0.0
0.2263,Fri Jun 08 07:42:56 +0000 2018,Fox,87,0.0,0.905,0.095
0.7351,Fri Jun 08 07:40:05 +0000 2018,Fox,88,0.105,0.547,0.348
0.34,Thu Jun 07 20:51:50 +0000 2018,Fox,89,0.0,0.906,0.094
0.0,Thu Jun 07 16:00:57 +0000 2018,Fox,90,0.0,1.0,0.0
0.0,Thu Jun 07 15:28:08 +0000 2018,Fox,91,0.0,1.0,0.0
0.0,Thu Jun 07 15:22:34 +0000 2018,Fox,92,0.0,1.0,0.0
0.0,Thu Jun 07 15:17:56 +0000 2018,Fox,93,0.0,1.0,0.0
0.4019,Thu Jun 07 10:10:04 +0000 2018,Fox,94,0.0,0.863,0.137
0.7845,Thu Jun 07 10:05:42 +0000 2018,Fox,95,0.0,0.699,0.301
0.0,Thu Jun 07 09:23:57 +0000 2018,Fox,96,0.0,1.0,0.0
-0.4003,Thu Jun 07 09:15:51 +0000 2018,Fox,97,0.2,0.706,0.094
0.6996,Thu Jun 07 08:22:31 +0000 2018,Fox,98,0.0,0.509,0.491
-0.296,Wed Jun 06 18:46:56 +0000 2018,Fox,99,0.167,0.833,0.0
0.0,Wed Jun 06 17:45:10 +0000 2018,Fox,100,0.0,1.0,0.0
0.3182,Sun Jun 24 04:01:47 +0000 2018,New York Times,1,0.0,0.897,0.103
-0.1531,Sun Jun 24 03:44:01 +0000 2018,New York Times,2,0.195,0.678,0.127
-0.296,Sun Jun 24 03:27:19 +0000 2018,New York Times,3,0.104,0.896,0.0
-0.4404,Sun Jun 24 03:08:10 +0000 2018,New York Times,4,0.182,0.818,0.0
0.6369,Sun Jun 24 03:05:46 +0000 2018,New York Times,5,0.0,0.769,0.231
-0.128,Sun Jun 24 02:49:19 +0000 2018,New York Times,6,0.092,0.837,0.072
-0.6429,Sun Jun 24 02:33:03 +0000 2018,New York Times,7,0.236,0.764,0.0
0.0,Sun Jun 24 02:14:10 +0000 2018,New York Times,8,0.0,1.0,0.0
0.0,Sun Jun 24 02:05:04 +0000 2018,New York Times,9,0.0,1.0,0.0
0.4019,Sun Jun 24 01:47:23 +0000 2018,New York Times,10,0.0,0.876,0.124
-0.3612,Sun Jun 24 01:28:31 +0000 2018,New York Times,11,0.111,0.889,0.0
0.0772,Sun Jun 24 01:09:39 +0000 2018,New York Times,12,0.221,0.534,0.244
0.0,Sun Jun 24 01:02:43 +0000 2018,New York Times,13,0.0,1.0,0.0
0.25,Sun Jun 24 00:43:32 +0000 2018,New York Times,14,0.117,0.721,0.162
-0.3252,Sun Jun 24 00:27:37 +0000 2018,New York Times,15,0.206,0.794,0.0
0.0,Sun Jun 24 00:11:05 +0000 2018,New York Times,16,0.0,1.0,0.0
-0.128,Sun Jun 24 00:10:54 +0000 2018,New York Times,17,0.229,0.573,0.197
0.0,Sat Jun 23 23:55:06 +0000 2018,New York Times,18,0.0,1.0,0.0
-0.5719,Sat Jun 23 23:54:09 +0000 2018,New York Times,19,0.236,0.764,0.0
0.0,Sat Jun 23 23:44:04 +0000 2018,New York Times,20,0.0,1.0,0.0
0.2263,Sat Jun 23 23:28:58 +0000 2018,New York Times,21,0.0,0.905,0.095
0.0,Sat Jun 23 23:11:15 +0000 2018,New York Times,22,0.0,1.0,0.0
0.0,Sat Jun 23 22:59:37 +0000 2018,New York Times,23,0.0,1.0,0.0
0.0,Sat Jun 23 22:46:42 +0000 2018,New York Times,24,0.0,1.0,0.0
-0.6486,Sat Jun 23 22:30:34 +0000 2018,New York Times,25,0.264,0.736,0.0
-0.2263,Sat Jun 23 22:23:28 +0000 2018,New York Times,26,0.16,0.84,0.0
0.0,Sat Jun 23 22:15:03 +0000 2018,New York Times,27,0.0,1.0,0.0
0.3612,Sat Jun 23 22:01:02 +0000 2018,New York Times,28,0.0,0.815,0.185
0.6249,Sat Jun 23 22:00:05 +0000 2018,New York Times,29,0.0,0.745,0.255
0.0,Sat Jun 23 21:58:45 +0000 2018,New York Times,30,0.193,0.614,0.193
-0.7193,Sat Jun 23 21:45:07 +0000 2018,New York Times,31,0.231,0.769,0.0
-0.0516,Sat Jun 23 21:30:12 +0000 2018,New York Times,32,0.062,0.938,0.0
0.1779,Sat Jun 23 21:15:06 +0000 2018,New York Times,33,0.0,0.922,0.078
0.4404,Sat Jun 23 21:00:11 +0000 2018,New York Times,34,0.0,0.868,0.132
-0.7506,Sat Jun 23 20:50:01 +0000 2018,New York Times,35,0.382,0.504,0.113
0.4404,Sat Jun 23 20:35:05 +0000 2018,New York Times,36,0.0,0.854,0.146
0.0,Sat Jun 23 20:25:05 +0000 2018,New York Times,37,0.0,1.0,0.0
0.4404,Sat Jun 23 20:15:05 +0000 2018,New York Times,38,0.0,0.791,0.209
0.4215,Sat Jun 23 20:08:40 +0000 2018,New York Times,39,0.0,0.865,0.135
0.0,Sat Jun 23 20:00:16 +0000 2018,New York Times,40,0.0,1.0,0.0
-0.5994,Sat Jun 23 19:45:08 +0000 2018,New York Times,41,0.17,0.83,0.0
0.7506,Sat Jun 23 19:30:06 +0000 2018,New York Times,42,0.0,0.714,0.286
0.7096,Sat Jun 23 19:20:04 +0000 2018,New York Times,43,0.0,0.763,0.237
0.0,Sat Jun 23 19:10:06 +0000 2018,New York Times,44,0.0,1.0,0.0
0.3818,Sat Jun 23 19:00:06 +0000 2018,New York Times,45,0.0,0.88,0.12
0.5719,Sat Jun 23 18:45:02 +0000 2018,New York Times,46,0.0,0.791,0.209
-0.765,Sat Jun 23 18:30:03 +0000 2018,New York Times,47,0.306,0.694,0.0
0.3818,Sat Jun 23 18:15:01 +0000 2018,New York Times,48,0.078,0.781,0.141
0.6037,Sat Jun 23 18:06:48 +0000 2018,New York Times,49,0.0,0.842,0.158
-0.0516,Sat Jun 23 17:45:04 +0000 2018,New York Times,50,0.057,0.943,0.0
0.2023,Sat Jun 23 17:30:05 +0000 2018,New York Times,51,0.0,0.833,0.167
0.0,Sat Jun 23 17:23:42 +0000 2018,New York Times,52,0.0,1.0,0.0
-0.3612,Sat Jun 23 17:15:07 +0000 2018,New York Times,53,0.122,0.878,0.0
0.4404,Sat Jun 23 17:00:05 +0000 2018,New York Times,54,0.0,0.884,0.116
0.0,Sat Jun 23 16:45:12 +0000 2018,New York Times,55,0.0,1.0,0.0
-0.7351,Sat Jun 23 16:30:06 +0000 2018,New York Times,56,0.237,0.763,0.0
-0.296,Sat Jun 23 16:15:03 +0000 2018,New York Times,57,0.109,0.891,0.0
0.5106,Sat Jun 23 16:00:11 +0000 2018,New York Times,58,0.0,0.837,0.163
0.0,Sat Jun 23 15:45:08 +0000 2018,New York Times,59,0.0,1.0,0.0
-0.3182,Sat Jun 23 15:30:05 +0000 2018,New York Times,60,0.15,0.85,0.0
0.0,Sat Jun 23 15:15:08 +0000 2018,New York Times,61,0.103,0.794,0.103
0.0,Sat Jun 23 15:00:09 +0000 2018,New York Times,62,0.0,1.0,0.0
-0.2411,Sat Jun 23 14:45:04 +0000 2018,New York Times,63,0.141,0.859,0.0
-0.4404,Sat Jun 23 14:30:03 +0000 2018,New York Times,64,0.132,0.868,0.0
-0.5267,Sat Jun 23 14:15:08 +0000 2018,New York Times,65,0.216,0.784,0.0
0.7003,Sat Jun 23 14:01:48 +0000 2018,New York Times,66,0.092,0.616,0.291
0.0,Sat Jun 23 13:49:15 +0000 2018,New York Times,67,0.0,1.0,0.0
0.4404,Sat Jun 23 13:42:02 +0000 2018,New York Times,68,0.0,0.805,0.195
0.0,Sat Jun 23 13:40:03 +0000 2018,New York Times,69,0.0,1.0,0.0
0.8934,Sat Jun 23 13:31:04 +0000 2018,New York Times,70,0.0,0.529,0.471
0.0,Sat Jun 23 13:16:02 +0000 2018,New York Times,71,0.0,1.0,0.0
0.8176,Sat Jun 23 13:02:05 +0000 2018,New York Times,72,0.0,0.622,0.378
0.836,Sat Jun 23 12:41:07 +0000 2018,New York Times,73,0.0,0.683,0.317
0.0,Sat Jun 23 12:31:05 +0000 2018,New York Times,74,0.0,1.0,0.0
-0.7384,Sat Jun 23 12:21:06 +0000 2018,New York Times,75,0.27,0.666,0.065
-0.204,Sat Jun 23 12:02:05 +0000 2018,New York Times,76,0.108,0.892,0.0
0.0,Sat Jun 23 11:42:05 +0000 2018,New York Times,77,0.0,1.0,0.0
0.0,Sat Jun 23 11:22:03 +0000 2018,New York Times,78,0.0,1.0,0.0
0.2263,Sat Jun 23 11:02:06 +0000 2018,New York Times,79,0.0,0.905,0.095
0.0,Sat Jun 23 10:40:28 +0000 2018,New York Times,80,0.0,1.0,0.0
0.0,Sat Jun 23 10:38:13 +0000 2018,New York Times,81,0.0,1.0,0.0
0.0,Sat Jun 23 10:32:07 +0000 2018,New York Times,82,0.0,1.0,0.0
0.2263,Sat Jun 23 10:00:12 +0000 2018,New York Times,83,0.0,0.913,0.087
0.7506,Sat Jun 23 09:40:07 +0000 2018,New York Times,84,0.0,0.714,0.286
0.0,Sat Jun 23 09:21:26 +0000 2018,New York Times,85,0.0,1.0,0.0
0.0,Sat Jun 23 09:03:02 +0000 2018,New York Times,86,0.0,1.0,0.0
-0.6597,Sat Jun 23 08:48:26 +0000 2018,New York Times,87,0.355,0.645,0.0
0.5859,Sat Jun 23 08:34:02 +0000 2018,New York Times,88,0.0,0.814,0.186
0.4019,Sat Jun 23 08:12:16 +0000 2018,New York Times,89,0.0,0.876,0.124
0.3612,Sat Jun 23 07:55:51 +0000 2018,New York Times,90,0.0,0.828,0.172
0.0,Sat Jun 23 07:37:20 +0000 2018,New York Times,91,0.0,1.0,0.0
0.4404,Sat Jun 23 07:18:57 +0000 2018,New York Times,92,0.0,0.868,0.132
-0.3182,Sat Jun 23 07:02:03 +0000 2018,New York Times,93,0.126,0.807,0.067
0.0,Sat Jun 23 06:38:57 +0000 2018,New York Times,94,0.0,1.0,0.0
0.0,Sat Jun 23 06:20:43 +0000 2018,New York Times,95,0.0,1.0,0.0
-0.5563,Sat Jun 23 06:02:07 +0000 2018,New York Times,96,0.146,0.854,0.0
-0.6705,Sat Jun 23 05:32:02 +0000 2018,New York Times,97,0.2,0.8,0.0
0.5859,Sat Jun 23 05:02:04 +0000 2018,New York Times,98,0.0,0.808,0.192
-0.7184,Sat Jun 23 04:32:02 +0000 2018,New York Times,99,0.25,0.75,0.0
-0.1027,Sat Jun 23 04:02:02 +0000 2018,New York Times,100,0.147,0.733,0.12
